{
  "TOOL:execute_bash": 1.0830613951923052,
  "ACTION:bash": 1.0830613951923052,
  "CMD:cat": 0.8875376643392494,
  "TOOL:str_replace_editor": 0.4771018729674728,
  "FILE_EXT:py": 0.5800705520080787,
  "OBS:error": 0.6870119410608144,
  "ACTION:read": 0.8875376643392494,
  "FILE_PATH:coordinates/transformations.py": 6.843175731361965,
  "FILE_PATH:builtin_frames/utils.py": 8.309512800155392,
  "FILE_PATH:coordinates/altaz.py": 8.714977908263558,
  "FILE_PATH:coordinates/itrs.py": 8.309512800155392,
  "FILE_PATH:tests/test_intermediate_transformations.py": 7.010229816025132,
  "OBS:success": 1.802732724008568,
  "ACTION:submit": 3.2532669948070847,
  "TOOL:finish": 3.2532669948070847,
  "CMD:sed": 1.5654536138440454,
  "ACTION:edit": 1.5654536138440454,
  "OBS:import_error": 2.887503961264806,
  "OBS:traceback": 2.2949829801164148,
  "FILE_PATH:builtin_frames/itrs_observed_transforms.py": 6.7690677592082436,
  "FILE_PATH:builtin_frames/intermediate_rotation_transforms.py": 6.9232184390355025,
  "FILE_PATH:builtin_frames/__init__.py": 7.010229816025132,
  "FILE_PATH:builtin_frames/itrs.py": 7.462214939768189,
  "OBS:test_failed": 3.3100508066572623,
  "FILE_PATH:builtin_frames/altaz.py": 7.798687176389402,
  "FILE_PATH:utils/shapes.py": 8.021830727703612,
  "FILE_PATH:tests/test_itrs_observed_transforms.py": 8.021830727703612,
  "FILE_PATH:builtin_frames/icrs_observed_transforms.py": 8.309512800155392,
  "FILE_PATH:builtin_frames/hadec.py": 8.309512800155392,
  "OBS:file_not_found": 5.476299456099176,
  "FILE_PATH:fits/header.py": 4.83341411032012,
  "OBS:syntax_error": 3.5850791933404835,
  "FILE_PATH:fits/util.py": 6.463686109657062,
  "FILE_PATH:fits/card.py": 5.1176656476751115,
  "OBS:test_passed": 2.356269465867608,
  "FILE_PATH:models/base.py": 4.7446859947114355,
  "FILE_PATH:management/__init__.py": 5.330587644917783,
  "FILE_PATH:contenttypes_tests/test_operations.py": 7.616365619595447,
  "FILE_PATH:contenttypes/fields.py": 7.616365619595447,
  "FILE_PATH:operations_migrations/0002_rename_foo.py": 8.309512800155392,
  "FILE_PATH:models/deletion.py": 5.365073820988952,
  "FILE_PATH:sql/query.py": 4.080248920033921,
  "FILE_PATH:model/models.py": 6.317082635465186,
  "FILE_PATH:models/query.py": 4.965473832333186,
  "FILE_PATH:commands/cycle_data.py": 7.798687176389402,
  "FILE_PATH:treeherder/settings.py": 8.021830727703612,
  "FILE_PATH:models/__init__.py": 8.309512800155392,
  "TOOL:retail_transfer_to_human_agents": 8.714977908263558,
  "TOOL:search__web_search": 6.112288222819173,
  "FILE_PATH:modeladmin/tests.py": 7.010229816025132,
  "FILE_PATH:admin/options.py": 4.571843181872024,
  "FILE_PATH:testbed/test_get_inlines.py": 8.021830727703612,
  "FILE_PATH:management/base.py": 4.671926640429007,
  "FILE_PATH:user_commands/tests.py": 6.412392815269511,
  "FILE_PATH:admin_scripts/tests.py": 7.328683547143666,
  "FILE_PATH:commands/dance.py": 8.021830727703612,
  "FILE_PATH:migrations/test_commands.py": 7.328683547143666,
  "FILE_PATH:commands/check.py": 8.021830727703612,
  "FILE_PATH:sql/where.py": 6.412392815269511,
  "FILE_PATH:models/constraints.py": 6.150028550802021,
  "FILE_PATH:base/schema.py": 6.36360265110008,
  "FILE_PATH:models/expressions.py": 3.7010148240746266,
  "FILE_PATH:sql/compiler.py": 5.159629846774143,
  "FILE_PATH:fields/__init__.py": 4.802954902835411,
  "FILE_PATH:model_forms/tests.py": 5.744563442693856,
  "FILE_PATH:forms/models.py": 5.203432469432537,
  "FILE_PATH:tests/test_construct_instance.py": 7.328683547143666,
  "FILE_PATH:model_forms/test_construct_instance.py": 7.328683547143666,
  "FILE_PATH:forms/widgets.py": 7.616365619595447,
  "FILE_PATH:queries/test_qs_combinators.py": 6.272630872894353,
  "FILE_PATH:queries/models.py": 8.021830727703612,
  "FILE_PATH:model_inheritance_regress/tests.py": 6.463686109657062,
  "FILE_PATH:model_inheritance_regress/models.py": 6.700074887721292,
  "FILE_PATH:model_inheritance/models.py": 6.7690677592082436,
  "FILE_PATH:model_inheritance/tests.py": 6.7690677592082436,
  "FILE_PATH:basic/models.py": 7.010229816025132,
  "FILE_PATH:basic/tests.py": 7.616365619595447,
  "FILE_PATH:defer_regress/tests.py": 8.714977908263558,
  "FILE_PATH:admin_changelist/models.py": 8.714977908263558,
  "FILE_PATH:model_inheritance/test_abstract_inheritance.py": 8.714977908263558,
  "FILE_PATH:inheritance/models.py": 8.309512800155392,
  "FILE_PATH:models/enums.py": 5.280990703778411,
  "FILE_PATH:template/base.py": 6.9232184390355025,
  "FILE_PATH:model_enums/tests.py": 7.010229816025132,
  "FILE_PATH:template_tests/test_callables.py": 7.798687176389402,
  "FILE_PATH:fields/related.py": 5.313780526601402,
  "FILE_PATH:models/options.py": 5.476299456099176,
  "FILE_PATH:invalid_models_tests/test_models.py": 7.328683547143666,
  "FILE_PATH:releases/2.0.txt": 8.021830727703612,
  "FILE_EXT:txt": 8.021830727703612,
  "FILE_PATH:model_fields/models.py": 8.309512800155392,
  "FILE_PATH:model_inheritance/test_inheritance.py": 8.309512800155392,
  "FILE_PATH:m2m_through/models.py": 8.309512800155392,
  "FILE_PATH:multitable_inheritance/models.py": 8.309512800155392,
  "FILE_PATH:models/lookups.py": 5.382773398088353,
  "FILE_PATH:utils/functional.py": 7.328683547143666,
  "FILE_PATH:bug_repro/test_bug.py": 7.328683547143666,
  "FILE_PATH:utils_tests/test_simplelazyobject.py": 8.309512800155392,
  "FILE_PATH:expressions/tests.py": 7.1055399958294565,
  "FILE_PATH:aggregation/tests.py": 8.309512800155392,
  "FILE_PATH:testbed/test_final_verification.py": 8.309512800155392,
  "FILE_PATH:handlers/base.py": 4.783152275539232,
  "FILE_PATH:middleware_exceptions/tests.py": 7.210900511487283,
  "FILE_PATH:core/exceptions.py": 8.309512800155392,
  "FILE_PATH:middleware_exceptions/middleware.py": 8.309512800155392,
  "FILE_PATH:asgi_djangotoolbar_bug/middleware.py": 8.309512800155392,
  "FILE_PATH:fields/related_lookups.py": 8.021830727703612,
  "FILE_PATH:migrations/writer.py": 5.090636975287192,
  "FILE_PATH:operations/models.py": 5.159629846774143,
  "FILE_PATH:migrations/serializer.py": 5.8527770273340884,
  "FILE_PATH:testbed/test_fix.py": 7.1055399958294565,
  "FILE_PATH:migrations/test_writer.py": 8.021830727703612,
  "FILE_PATH:testbed/test_complete.py": 7.616365619595447,
  "FILE_PATH:testbed/manage.py": 8.309512800155392,
  "FILE_PATH:migrations/0001_initial.py": 8.309512800155392,
  "FILE_PATH:testbed/test_bug5.py": 8.309512800155392,
  "FILE_PATH:migrations/state.py": 6.635536366583721,
  "FILE_PATH:migrations/test_operations.py": 6.412392815269511,
  "FILE_PATH:migrations/test_autodetector.py": 7.010229816025132,
  "FILE_PATH:backends/utils.py": 8.309512800155392,
  "FILE_PATH:translation/trans_real.py": 6.189249263955301,
  "FILE_PATH:urls/resolvers.py": 5.064319666969818,
  "FILE_PATH:urls/i18n.py": 7.328683547143666,
  "FILE_PATH:translation/__init__.py": 7.328683547143666,
  "FILE_PATH:tshi/middleware.py": 7.328683547143666,
  "FILE_PATH:tshi/settings.py": 6.150028550802021,
  "FILE_PATH:conf/global_settings.py": 7.798687176389402,
  "FILE_PATH:urls/conf.py": 8.021830727703612,
  "FILE_PATH:locale/__init__.py": 8.309512800155392,
  "FILE_PATH:urls/__init__.py": 8.309512800155392,
  "FILE_PATH:middleware/locale.py": 8.309512800155392,
  "FILE_PATH:urls/base.py": 8.309512800155392,
  "FILE_PATH:testbug/models.py": 5.8527770273340884,
  "FILE_PATH:serializers/base.py": 5.419141042259228,
  "FILE_PATH:serializers/python.py": 8.309512800155392,
  "FILE_PATH:commands/loaddata.py": 8.309512800155392,
  "FILE_PATH:testbed/models.py": 8.309512800155392,
  "FILE_PATH:models/query_utils.py": 5.719245634709566,
  "FILE_PATH:fields/related_descriptors.py": 8.021830727703612,
  "FILE_PATH:testbed/modified_prefetch.py": 8.309512800155392,
  "FILE_PATH:testbed/replace_prefetch.py": 8.714977908263558,
  "FILE_PATH:prefetch_related/test_prefetch_related_objects.py": 8.309512800155392,
  "FILE_PATH:commands/makemigrations.py": 5.496102083395356,